PDB_ID,Superfamily_ID
1mj0,1.25.40.20
1ovv,1.20.5.420
1c3t,3.10.20.90
1ovu,1.20.5.420
1jmb,1.20.5.420
1na0,1.25.40.10
1na3,1.25.40.10
1mft,1.20.5.420
1ec5,1.20.5.420
1jm0,1.20.5.420
1lq7,1.20.1270.70
1p68,1.20.1480.30
1ovr,1.20.5.420
1lt1,1.20.5.420
1g6u,1.10.287.540
